plant name,header,introduction,how-to-plant,why-part,planting_guide,reasons_to_buy,care_guide,growing_considerations,pests_diseases,purchase,companion_plants
Pittosporum Tobira 'Miss Muffet',"<header>
    <h1>Pittosporum Tobira - Miss Muffet</h1>
    <h2><em>Azarero Pittosporum Tobira</em></h2>
</header>

<section id=""quick-look"">
    <p>Pittosporum Tobira ‘Miss Muffet’ is a charming, hardy, and versatile plant, well-known as a compact and bushy evergreen, making it an ideal choice for various garden types and planting schemes. It's also commonly referred to as the Pitosporo Tobira, or simply Pitto Tobira, and is a variety of mock orange tree hailed for its delightful scented flowers.</p>
    <p>Often used for hedges (haie de pittosporum tobira) because of its impressive growth rate, Miss Muffet can reach a substantial height and requires only minimal pruning. Despite its robust growth, Pittosporum Miss Muffet's stature remains neat and compact, especially when allowed to grow in pots (pittosporum tobira en pot).</p>
    <p>Being quite hardy, it can withstand a variety of climates and conditions. Its small stature makes it suitable as a low hedge, border, or even a standout specimen in various garden settings.</p>
    <p><strong>Synonyms:</strong> Azarero Pittosporum Tobira, Miss Muffet Pittosporum Tobira, Pitosporo Pittosporum Tobira, Pitosporo Tobira, Pitto Tobira, Le Pittosporum Tobira, Plante Pittosporum Tobira, Klebsame Pittosporum Tobira</p>
</section>","<section id=""introduction"">
    <h2>Pittosporum Tobira 'Miss Muffet' for a Vibrant and Hardy Garden</h2>
    <p>The 'Miss Muffet' Pittosporum Tobira, also known as ""pitosporo tobira"", is a robust and compact plant that adapts well to different garden styles. Its moderate height makes it perfect for a low hedge or smaller gardens. If you are challenged by a limited garden space, this mock orange tree is an excellent choice.</p>
    <p>In terms of visual appeal, it features a thick green foliage and subtly fragrant flowers, which offer a delightful spectacle for the majority of the year. The plante pittosporum responds beautifully to trimming and shaping, making it an outstanding specimen for hedges and topiaries. This plant is also greatly sought after by gardeners for its slow but steady growth rate and its ability to tolerate drought, intervening minimally in its care requirements.</p>
    <p>Are you ready to enhance your garden with this robust plant known as pittosporum tobira 'nanum'? Here's an all-inclusive guide to help you get on the right track.</p>
</section>","<section id=""how-to-plant"">
    <h2>How to Plant Pittosporum Tobira 'Miss Muffet'?</h2>
    <p>For a remarkable touch of green in your garden, the Miss Muffet variety of Pittosporum Tobira is an excellent choice. Here's a guide to successfully planting and caring for your new Miss Muffet Pittosporum Tobira:</p>

    <ul>
        <li>Selecting the suitable location and soil type is essential when planting the azarero Pittosporum Tobira. It enjoys sunny or partially shaded areas and requires well-draining soil. The Pitosporo Tobira thrives best in sandy or loamy soils.</li>
        <li>Once you've picked the perfect spot, enhance your soil structure by incorporating compost or organic matter if necessary—they help improve drainage and soil nutrient content.</li>
        <li>After your Pittosporum mock orange tree is in the ground, provide a generous amount of water to help secure the soil around the roots.</li>
        <li>Keep in mind the Pittosporum Miss Muffet height when planting multiples—allow a distance of about 1 to 1.5 metres between each plant. This ensures proper air circulation and promotes optimal growth.</li>
        <li>Mulching around the base of your Pittosporum Tobira enano helps retain soil moisture, keeps weeds at bay, and aids in maintaining steady soil temperature.</li>
    </ul>
</section>","<section id=""why-part"">
    <h2>Why Should You Buy Pittosporum Tobira 'Miss Muffet'?</h2>
    <p>The azarero Pitto Tobira, also known as the Pittosporum Tobira 'Miss Muffet', is a truly splendid plant. It delivers not only visual attraction but also numerous practical advantages, making it an ideal addition to your garden or outdoor space, some of the benefits we’ve highlighted for you below:</p>

    <ul>
        <li><strong>Scented Flowers:</strong> Pittosporum Tobira, the 'Mock Orange tree', blooms with fragrant, scented flowers, making your garden smell as beautiful as it looks.</li>
        <li><strong>Compact and Manageable Size:</strong> Known as Pittosporum Miss Muffet height, this plant grows to a perfect size for an average garden. Its growth rate and required pruning is conveniently low, ideal for those who appreciate a minimalist approach.</li>
        <li><strong>Easy Maintenance:</strong> The Miss Muffet Pittosporum Tobira is a low maintenance plant, perfect for those new to gardening or those with a busy lifestyle.</li>
        <li><strong>Resilient:</strong> This plant, also known as Pittosporum Tobira 'nanum' shows remarkable resilience. It’s an adaptable species that can tolerate various climates, making it well-suited for different environments globally.</li>
        <li><strong>Visual Appeal:</strong> Pitosporo Pittosporum Tobira is an aesthetically pleasing plant. It boasts lush green foliage that adds a great contrast to any garden space and enhances your outdoor décor.</li>
    </ul>
</section>","<section id=""planting-guide"">
    <h2>How to Plant Pittosporum Tobira 'Miss Muffet'?</h2>
    <p>Miss Muffet Pittosporum Tobira is quite the head-turner in any garden, but even such a showstopper needs some TLC. After being planted, it is key to monitor the plant to catch pests or diseases early. Once established, minimal care is needed ensuring your 'Miss Muffet' stays vibrant.</p>

    <p>To ensure your Pittosporum Tobira stays at the height of its beauty, follow these simple steps:</p>

    <ul>
        <li>Regular watering is crucial during its initial growth phase, however, once established, only water during dry periods.</li>
        <li>Use a slow-release fertiliser once a year in spring to ensure your mock orange tree stays healthy.</li>
        <li>To encourage compact growth and a flush of fresh leaves, light pruning is recommended after flowering. Focus on the leggy growth if you notice any. <a href=""your-pruning-guide-link"" target=""_blank"">Find more pruning tips in our plant care guide.</a></li>
        <li>While the mock orange tree is hardy, it might still be damaged by frost, especially when young. Older, mature plants can handle light frost without trouble.</li>
    </ul>
</section>","<section id=""reasons-to-buy"">
    <h2>Why Should You Buy Pittosporum Tobira 'Miss Muffet'?</h2>
    <p>The Miss Muffet Pittosporum Tobira, or 'Azarero Pittosporum Tobira', as some like to call it, offers an abundance of charm both in visual and practical aspects. Here are some of the reasons:</p>

    <ul>

        <li><strong>Distinctive Foliage:</strong> The shiny, dark green leaves of Pittosporum Miss Muffet add depth to any garden, creating a visually appealing contrast to other flora.</li>
        <li><strong>Compact Size:</strong> Pittosporum Miss Muffet height makes it the ideal plant for small spaces. It grows to about a metre, perfect for borders, hedges, and screens.</li>
        <li><strong>Scented Flowers:</strong> Pittosporum Tobira’s white flowers are not only visually pleasing, they’re also fragrant, reminiscent of sweet citrus and mock orange tree blossoms.</li>
        <li><strong>Robust Growth Rate:</strong> With the right conditions, Pittosporum Tobira can grow rapidly and vigorously. As a hardy plant, it withstands a range of environmental conditions.</li>
        <li><strong>Low Maintenance:</strong> As long as basic needs like sun, water and soil are met, Pittosporum Tobira 'Miss Muffet' requires minimal pruning, perfect for new and busy gardeners alike.</li>
    </ul>
</section>","<section id=""care-guide"">
    <h2>How to Care for Pittosporum Tobira ‘Miss Muffet’?</h2>
    <p>Pittosporum Tobira 'Miss Muffet' is truly a resilient plant, however, it definitely benefits from a bit of care and attention, particularly when it is newly planted. Being vigilant on maintenance would help to notice any potential issues concerning diseases or pests.</p>
    <p>Follow these effortless steps to make your Miss Muffet Pittosporum Tobira flourish and to keep its pleasing outlook:</p>
    <ul>
        <li>Initially, make sure to water it frequently, but once it is established, water only during dry spells.</li>
        <li>We recommend fertilising once a year, preferably with a slow-release native plant fertiliser in the spring which will stimulate vigorous growth.</li>
        <li>After the flowering phase, light pruning will help to encourage denser and fresh growth and will maintain Pittosporum Miss Muffet's compact form. Prune back any excessive growth if needed. <a href=""your-pruning-guide-link"" target=""_blank"">Check out our in-depth guide on how to prune plants.</a></li>
        <li>The remarkable Pittosporum Tobira ‘Miss Muffet’ can withstand light frost and is remarkably hardy, but it might be necessary to offer protection to the juvenile plants in colder climate conditions. Adult plants will handle mild frost without problems.</li>
    </ul>
</section>","<section id=""growing-considerations"">
    <h2>Things to Consider When Growing Pittosporum Tobira - Miss Muffet</h2>
    <p>Developing the Pittosporum Tobira, often known as 'Pitosporo Tobira' or 'Pitto Tobira', most notably the 'Miss Muffet' variation, comes with its set of unique considerations that allow it to showcase its elegantly scented flowers.</p>

    <p>One key point to note is the varied growth rate of the Miss Muffet Pittosporum Tobira. Azarero Pittosporum Tobira can reach its maximum height swiftly under ideal conditions. However, the Tobira Nanum, a dwarf variety, grows at a slower pace. Therefore, understanding the growth pattern and height is key to successful gardening.</p>
    
    <p>However, one aspect that isn't time-consuming is the plant's maintenance. Miss Muffet Pittosporum Tobira can be kept compact through consistent pruning, particularly the 'Pittosporum Tobira Nanum Pruning'. This assists in maintaining the plant's attractive structure, whilst also preventing it from overshadowing other garden plants. Le Pittosporum Tobira, similar to any other tree, may develop root rot when subjected to poor drainage conditions‌. Making sure your Tobira Thunb Wt Aiton is placed in an area with good water drainage is essential.</p>

    <p>Deemed as the mock orange tree due to its heady citrus aroma, Pittosporum Scented Flowers are a delightful sight and scent. While its blossoms might not be as ostentatious as other flowering plants, the sweet fragrance more than makes up for it. Hence, if you’re looking for a beautiful and aromatic embellishment for your garden, Pianta Pittosporum Tobira might be the perfect choice.</p>
</section>","<section id=""pests-diseases"">
    <h2>Protecting Pittosporum Tobira - Miss Muffet from Pests and Diseases</h2>
    <p>Featuring sweetly scented flowers and robust growth rate, Pittosporum Tobira - Miss Muffet, also known as Pitto Tobira or Azarero Pittosporum Tobira, is a resilient plant, resisting many pests and diseases. But, insects such as scale and aphids can cause it discomfort. To combat these pests, garden enthusiasts often use safe treatments like neem oil or insecticidal soap.</p> 

    <p>Seen as a robust variety of the Pittosporum family, Miss Muffet can tolerate varying conditions but can be susceptible to fungal diseases if left in poorly drained soil. Keep your Pittosporum Tobira enano healthy by ensuring good drainage and avoiding overwatering. Are you unsure whether you're giving your plant too much or too little water? You can <a href=""https://localbotanist.com.au/news/deciphering-plant-signals-the-telltale-signs-of-overwatering-vs-underwatering/"">refer to this guide for assistance.</a></p>
</section>","<section id=""purchase"">
    <h2>Where Can I Buy Pittosporum Tobira 'Miss Muffet'?</h2>
    <p>Looking to enhance your garden with the remarkable Pittosporum Tobira 'Miss Muffet'? Search no further. Here at the Local Botanist, you can find Miss Muffet Pittosporum Tobira, a plant with scented flowers that can reach a moderate height, offering your garden a unique aesthetic. Check our wide selection of plants and <a href=""https://localbotanist.com.au/design-your-garden/"">create your dream garden</a>.</p>

    <p>Do you want a garden style that matches the essence of Pittosporum Tobira 'Miss Muffet'? Try our <a href=""https://localbotanist.com.au/quiz/"">Garden Style Quiz</a> today.</p>
</section>","<section id=""companion-plants"">
    <h2>Companion Plants for Pittosporum Tobira 'Miss Muffet'</h2>
    <p>Pittosporum Tobira Miss Muffet, also known as Azarero Pittosporum Tobira, is an adaptable, compact specimen complemented wonderfully by other low-maintenance and highly resilient plant species. Here are some excellent companions:</p>

    <ul>
        <li><strong>Pitosporo Pittosporum Tobira:</strong> This variant of Pittosporum Tobira offers complementing aesthetics, including a similar growth rate and height as the Miss Muffet.</li>
        <li><strong>Pittosporum Tenuifolium Nanum:</strong> This dwarf Pittosporum shares similar needs but adds a silvery hue with its gray-green leaves; both, when pruned, form a nice compact border.</li>
        <li><strong>Pittosporum Tobira Enano:</strong> A compact species native to Japan, it produces beautiful scented flowers harmonizing well with Miss Muffet's simple elegance.</li>
        <li><strong>Pitto Tobira:</strong> This variant shares similar drought-tolerance and growth habit, augmenting the visual appeal when planted alongside Miss Muffet.</li>
    </ul>
</section>"
